ID,Changed?,Article_Snippet,Human_Reference,Baseline_Summary,Baseline_FactCC,Rerank_Summary,Rerank_FactCC,Human_Audit_Baseline_True?,Human_Audit_Rerank_True?,Notes
1141,YES,"A schoolgirl who was arrested by armed officers and held in a cell overnight says she was targeted because police mistook an afro-comb she was carrying for a gun. Rochae Davis says she was walking with friends in Croydon, south London, with the comb tucked into the waistband of her trousers. Police already on their way to the scene were alerted to CCTV footage which they say purported to show the 15-year-old carrying a gun and later arrested her at home. Rochae Davis, 15, pictured with her mothe...","Rochae Davis  was arrested by armed police and held overnight in Croydon .
The 15-year-old said she was carrying an afro-comb in her waistband .
But police say CCTV appeared to show the schoolgirl carrying a gun .
She was bailed without charge as Metropolitan Police inquiries continue .","Rochae Davis, 15, was walking with friends in Croydon, south London, with the comb tucked into the waistband of her trousers .
Police were alerted to CCTV footage which they say purported to show the 15-year-old carrying a gun and later arrested her at home .
She was bailed without charge and must return to a police station in April as the investigation continues .",0.7794240713119507,"Rochae Davis, 15, was arrested by armed officers in Croydon, south London .
She was walking with friends with the comb tucked into the waistband of her trousers .
Police already on their way to the scene were alerted to CCTV footage which they say purported to show the 15-year-old carrying a gun and later arrested her at home .
But the schoolgirl claims she was only arrested because police jumped to conclusions .",0.8366227746009827,,,
201,YES,"A shopper got quite a shock when she picked up a bag of potatoes to find a snake sleeping inside. Lewina Stewart, from Toowoomba in Queensland's south-east, had bought the vegetables at her local Woolworths on March 10 before making the find. Sunshine Coast Snake Catcher 24/7's Ritchie Gilbert told Daily Mail Australia Ms Stewart had the potatoes for a week before she noticed the snake inside when she went to open it. Lewina Stewart got quite a shock when she picked up a bag of potatoes to find ...","Lewina Stewart found a sleeping snake in a bag of potatoes she bought .
Ms Stewart, from Toowoomba, QLD, bought the vegetables a week ago .
Sunshine Coast Snake Catcher 24/7's Ritchie Gilbert removed the snake .
He said it was the strangest place he had ever found a snake .","Lewina Stewart, from Toowoomba in Queensland's south-east, had bought the vegetables at her local Woolworths on March 10 before making the find .
Ms Stewart had the potatoes for a week before she noticed the snake inside when she went to open it .
Woolworths is taking the incident seriously and are trying to find out what went wrong .",9.3179325631354e-05,"Lewina Stewart, from Toowoomba in Queensland's south-east, had bought the vegetables at her local Woolworths on March 10 before making the find .
Ms Stewart had the potatoes for a week before she noticed the snake inside when she went to open it .
Woolworths is taking the incident seriously and are investigating .",0.00036222609924152493,,,
263,YES,"Amir Khan wants to fight Kell Brook within the next year, paving the way for a spectacular return to Wembley Stadium for British boxing. As recently as Monday Khan was talking down the chances of a grudge match between himself and Britain’s other leading welterweight, who has spent years calling out Khan. But now there appears to be a genuine chance of this fight happening, with Khan saying on Tuesday that a meeting is inevitable, either at the end of this year or in 2016. After Kell Brook's vic...","Kell Brook beat Jo Jo Dan with considerable ease at the weekend .
Brook's win has increased public appetite to see him fight Amir Khan .
Khan has repeatedly played down the chances of the fight happening .
Now, Khan has given in and promised to fight Brook in the next 12 months .
Khan: Nobody in America has heard of Brook!
CLICK HERE for all the latest boxing news .","Amir Khan wants to fight Kell Brook within the next year .
Khan has previously refused a fight with Brook, but now promises it will take place within 12 months .
Brook's team are waiting for formal talks to start before they get excited about a fight they have long craved .",0.11271142214536667,"Amir Khan wants to fight Kell Brook within the next year .
Khan has previously refused a fight with Brook, but now promises it will take place within 12 months .
Brook's camp are in talks with Juan Manuel Marquez over a summer fight .",0.956170916557312,,,
1415,YES,"A lovesick American teenager almost died after getting drunk and nearly drowning in a river when he was dumped by a young Chinese woman he flew 7000 miles to visit. The 18-year-old, who was only named by his surname Pratt in Chinese media, had travelled from his home state of Ohio across to Jiangshan, a city in Zhejiang province in China, after becoming infatuated with a young woman he had met online. But after getting the cold shoulder from his online ladylove when he turned up, he started drin...","Lovesick US teen travelled from Ohio to Jiangshan, China, to meet the girl .
Chinese media only published the 18-year-old's surname - Pratt .
After she rejected him he went on a drinking binge but nearly drowned .
He was taken to hospital after being found unconscious near Xu River .","The 18-year-old had travelled from Ohio to Jiangshan, a city in Zhejiang province in China .
But after getting the cold shoulder from his online ladylove when he turned up, he started drinking and was found suffering from hypothermia and unconscious on the staircase leading down into the Xu River .
He was taken to hospital and admitted to police that he did not know the girl's real name, only her online pseudonym which was Xiaoqian, and he also admitted he had only started talking to her this year .",0.0006193442968651652,"The 18-year-old had travelled from Ohio to Jiangshan, a city in Zhejiang province in China .
But after getting the cold shoulder from his online ladylove when he turned up, he started drinking and was found suffering from hypothermia and unconscious on the staircase leading down into the Xu River .
He was taken to a local hospital and admitted to police that he did not know the girl's real name, only her online pseudonym which was Xiaoqian, and he also admitted he had only started talking to her this year .",0.0024970604572445154,,,
408,YES,"A mental health patient was held in a police cell for almost two days because there were no beds available at nearby hospitals, it has emerged. The patient is one of almost 200 people in Wiltshire held by the county's police force in the last two years because there was no suitable healthcare provision. Meanwhile across the UK last year, 7,000 people with mental health problems ended up being held in police cells. Of those, 236 children and young people were detained alongside criminals. Mental ...","Almost 200 mental health patients detained in police cells in Wiltshire .
Nationally, 7,000 mental health patients were held in police cells last year .
Charity brands practice 'scandalous and shameful' and calls for change .","A mental health patient in Wiltshire was held in a police cell for almost two days .
The patient is one of almost 200 people held by the county's police force in the last two years .
Meanwhile across the UK last year, 7,000 people with mental health problems ended up being held in police cells .
Of those, 236 children and young people were detained alongside criminals .",0.0008642103639431298,"A mental health patient in Wiltshire was held in a police cell for almost two days .
The patient is one of almost 200 people held by the county's police force in the last two years .
Meanwhile, 7,000 people with mental health problems ended up being held in police cells, according to mental health charity Rethink Mental Illness .",0.9979764819145203,,,
321,YES,"Kelly Emery, 34, was convicted of the manslaughter of son Fenton Hogan, two, at Nottingham Crown Court after they found she had deliberately fed him methadone to make him sleep . A drug addicted mother who fed her toddler son a heroin substitute to 'knock him out' so she could smoke crack has been jailed for six years. Kelly Emery, 34, was convicted of the manslaughter of son Fenton Hogan, two, at Nottingham Crown Court after a jury heard she had deliberately given her son methadone to make him ...","Kelly Emery, 34, convicted of the manslaughter of Fenton Hogan, two .
Gave him heroin substitute to 'knock him out', so she could smoke crack .
Blood samples taken from the child showed he had as much of the drug on his system as an adult on methadone maintenance therapy .
Tests revealed he had ingested the drug on at least two other occasions .","Kelly Emery, 34, was convicted of the manslaughter of son Fenton Hogan, two, at Nottingham Crown Court .
The mother refused to give evidence at her trial insisting that she had never given her child the drug .
But the seven woman, five man jury cleared her of giving the toddler methadone on two other occasions before his death in July 2013 .",0.003922868054360151,"Kelly Emery, 34, was convicted of the manslaughter of son Fenton Hogan, two, at Nottingham Crown Court .
The mother refused to give evidence at her trial insisting that she had never given her child the drug .
But the seven woman, five man jury cleared her of giving the toddler methadone on two other occasions .
Emery, formerly of Frankley, Birmingham, was given a concurrent 12-month prison sentence after admitting gross neglect .",0.006444859318435192,,,
1450,YES,"Joni Mitchell is 'awake and in good spirits' after being rushed to hospital when she was found unconscious at her home on Tuesday. The 71-year-old singer is currently being treated in intensive care. A message posted on her twitter account read: 'Joni is currenly in intensive care in an LA area hospital but is awake and in good spirits. More updates to come as we hear them.' Scroll down for video . Medical emergency: Joni Mitchell, pictured left in February this year and at the Isle of Wight fes...","911 call placed from inside the singer's home about 2.30pm Tuesday .
She was reported to be unconscious, but paramedics said she was alert when they arrived .
She was taken to intensive care in LA, but her condition remains unknown .
Website urges fans to 'light a candle and sing a song'
Mitchell is known to have a long history of health issues .","Joni Mitchell is 'awake and in good spirits' after being rushed to hospital .
The 71-year-old singer is currently being treated in intensive care .
She has been known to retreat inside her Spanish-style villa and not venture out for extended periods of time .
Her website urged fans to: 'Light a candle and sing a song, let's all send good wishes her way'",0.00028992994339205325,"Joni Mitchell is 'awake and in good spirits' after being rushed to hospital .
The 71-year-old singer is currently being treated in intensive care .
She has been known to retreat inside her Spanish-style villa and not venture out for extended periods of time .
Last year, Mitchell admitted she endured years of turmoil after being diagnosed with the rare condition Morgellons disease .",0.9250431060791016,,,
1488,YES,"A transgender woman whose wife stayed with her through sex change surgery, helped her shop for a new wardrobe and join a dating site is now repaying her  by becoming her carer. Emily Dodge, 62, who was born a man revealed she needed to live as a woman to wife Jean Smith, 68, after the couple, from Cornwall, had been happily married for 20 years. Today Emily describes her relationship with Jean as like 'close sisters' and has pledged to stand by her loyal spouse now that she has   dementia. Emily...","Emily Dodge, 62, was born a man but had surgery to become a woman .
Wife Jean Smith, 68, stood by her husband during transition .
The couple, from Cornwall, have been together for 39 years .
Emily is caring for Jean, who has dementia, saying 'I will never leave her'","Emily Dodge, 62, revealed she needed to live as a woman to wife Jean Smith, 68, after the couple, from Cornwall, had been happily married for 20 years .
Emily describes her relationship with Jean as like 'close sisters' and has pledged to stand by her loyal spouse now that she has   dementia .",0.00019137233903165907,"Emily Dodge, 62, revealed she needed to live as a woman to wife Jean Smith, 68, after the couple, from Cornwall, had been happily married for 20 years .
Emily describes her relationship with Jean as like 'close sisters' and has pledged to stand by her loyal spouse now that she has   dementia .
Jean, a former IT worker, discovered her then 55-year-old husband needed to be a woman .",0.017524903640151024,,,
1932,YES,"The price of olive oil is expected to rocket after the EU ordered the felling of millions of trees infected with a deadly microbe. Brussels has recommended that about 11million olive trees in southern Italy, many centuries old, be chopped down. They have been infected with Xylella fastidiosa, a bacterium spread by an aphid. The disease, first identified in the Americas has already wiped out a million trees in Salento, southern Puglia. Olive trees in southern Puglia in Italy. The EU has recommend...","The EU has recommended that 11million Italian olive trees be cut down .
Comes after a deadly microbe spread by insects was discovered in them .
Fears that unless they are destroyed it will spread to other areas of Italy .
Some of the trees that might have to be chopped down are centuries old .","The EU has recommended that 11million olive trees in southern Italy be cut down .
They have been infected with Xylella fastidiosa, a bacterium spread by an aphid .
The disease has already wiped out a million trees in Salento, southern Puglia in Italy .",0.21545849740505219,"The EU has recommended that 11million olive trees be cut down .
They have been infected with Xylella fastidiosa, a bacterium spread by an aphid .
The disease, first identified in the Americas has already wiped out a million trees in Salento, southern Puglia in Italy .",0.9288241267204285,,,
1592,YES,"Southampton stopped Chelsea from going eight points clear at the top of the Premier League after Dusan Tadic cancelled out Diego Costa's opener at Stamford Bridge. Costa opened the scoring on 11 minutes when he headed past Fraser Forster, but when Nemanja Matic brought down Sadio Mane shortly after, the Saints were gifted a way back into the game. Tadic didn't need asking twice as he slotted the ball past Thibaut Courtois, and the scores remained at 1-1. Find out how each player fared at Stamfor...","Diego Costa opened the scoring for Chelsea in the 11th minute .
The lead didn't last as Nemanja Matic brought down Sadio Mane in the box .
Dusan Tadic levelled from the spot, and the score remained 1-1 .
Mane had the game of his life, while Eden Hazard was also excellent .
Chelsea's defensive pairing of John Tery and Gary Cahill were poor .","Southampton stopped Chelsea from going eight points clear at the top of the Premier League .
Diego Costa opened the scoring on 11 minutes when he headed past Fraser Forster .
Nemanja Matic brought down Sadio Mane shortly after, the Saints were gifted a way back into the game .
Tadic didn't need asking twice as he slotted the ball past Thibaut Courtois, and the scores remained at 1-1 .",0.0010675202356651425,"Southampton stopped Chelsea from going eight points clear at the top of the Premier League .
Diego Costa opened the scoring on 11 minutes when he headed past Fraser Forster .
Nemanja Matic brought down Sadio Mane shortly after, the Saints were gifted a way back into the game .
Toby Alderweireld was one of the finds of the season, and Southampton cannot let him leave .",0.9973028898239136,,,
1665,YES,"Taxpayers had to stump up the $600,000 legal bill for a workers' compensation claim by a public servant who was injured during a motel sex romp it was revealed on Wednesday. The infamous ‘sex-in-a-motel claim’ rumbled on for six years after the woman suffered cuts to her nose and mouth as well as ‘psychological injuries’. This all came about when a glass light fitting was pulled from the wall of the motel room as she had ‘vigorous’ sex with a local man in Nowra in November 2007. Public Service M...","The infamous ‘sex-in-a-motel claim’ rumbled on for six years .
Claimant had cuts to nose and mouth as well as ‘psychological injuries’
This occurred during ‘vigorous’ sex with a local man in Nowra .
The unidentified 'libidinous' bureaucrat lost her case in the High Court .
Legislation introduced on Wednesday should outlaw this type of case .","The 'sex-in-a-motel claim' rumbled on for six years after the woman suffered cuts to her nose and mouth as well as 'psychological injuries'
The unidentified 'libidinous' bureaucrat eventually lost her case in the High Court but left the Commonwealth with a legal bill topping $600,000 .
Public Service Minister Eric Abetz is making changes to the federal workplace insurer aimed at cracking down on ‘rorting and malingering’",0.00011614451068453491,"The 'sex-in-a-motel claim' rumbled on for six years after the woman suffered cuts to her nose and mouth as well as 'psychological injuries'
The unidentified 'libidinous' bureaucrat eventually lost her case in the High Court but left the Commonwealth with a legal bill topping $600,000 .",0.00013990288425702602,,,
1385,YES,"Former Arsenal captain Thierry Henry has got fans guessing after posting picture of himself alongside singer-songwriter Robbie Williams on Twitter, cryptically promising 'something special' ahead of Red Nose Day 2015. The biennial television charity appeal, which is part of the wider Comic Relief campaign, is set to air this year on March 13. Williams, who has had UK No 1 singles with Millennium and Rock DJ, has taken part in previous Red Nose Day shows, and famously appeared dressed as a woman ...","Thierry Henry and Robbie Williams will work together for Red Nose Day .
Former Arsenal captain Henry posted a picture of them on Twitter .
Williams has appeared in Comic Relief sketches before .
Red Nose Day will take place on March 13 .","Thierry Henry posted picture of himself with singer-songwriter Robbie Williams on Twitter .
Henry is Arsenal's all-time leading goalscorer, netting 228 times .
The biennial television charity appeal is part of the wider Comic Relief campaign .",0.999824583530426,"Thierry Henry posted picture of himself with singer-songwriter Robbie Williams on Twitter .
Henry is Arsenal's all-time leading goalscorer, netting 228 times for the north-London club .",0.9998860359191895,,,
607,YES,"Her father has been nicknamed Air Miles Andy. And judging by her nine foreign jaunts since Christmas, it seems Princess Beatrice is keen to follow in his extremely well-trodden footsteps. Despite insisting she is ‘exploring her career options’, the unemployed 26-year-old has found time to jet away for luxury ski trips, sun herself on a Caribbean yacht and party with her friends in Greece. Scroll down for video . Winter getaways: Princess Beatrice was spotted in St Barts at New Year's (left) and ...","Beatrice has been unemployed since quitting Sony Entertainment Pictures .
The 26-year-old royal insists she is now 'exploring her career options'
But she has found time for luxury ski trips and two holidays in Caribbean .","Princess Beatrice has been on nine foreign jaunts since Christmas .
She has been spotted in St Barts at New Year's and later that month on a Caribbean yacht .
Her string of holidays culminated in a flight to New York earlier this week to celebrate her sister Eugenie’s 25th birthday .",0.9786688089370728,"Princess Beatrice has been on nine foreign jaunts since Christmas .
She has been spotted in St Barts at New Year's and later that month on a Caribbean yacht .
Her string of holidays culminated in a flight to New York earlier this week to celebrate her sister Eugenie's 25th birthday .",0.9788678884506226,,,
1453,YES,"The Old Jameson Distillery in Dublin's Smithfield neighbourhood just may be one of the best known whiskey distilleries in the world, despite the fact that it's no longer in operation. Each year, 350,000 tourists pay a visit to the museum, which was once called the Bow Street Distillery, but there are plenty of other stunning distilleries scattered throughout the Irish countryside to see - and some still produce their high-quality spirits to this day. From Cork to County Antrim, celebrate the luc...","Dublin's Old Jameson Distillery is one of the city's largest tourist attractions, despite no longer being in operation .
The Midleton Distillery in Cork is another Jameson property, which dates back to 1795 and is set on 15 acres .
In Northern Ireland, guests are encouraged to keep an eye out for the resident ghost at the Old Bushmills Distillery .","The Old Jameson Distillery in Dublin's Smithfield neighbourhood is one of the best known whiskey distilleries in the world .
Each year, 350,000 tourists pay a visit to the museum, which was once called the Bow Street Distillery .
The museum, now a tourist attraction which has been recreated for effect, is located in the Smithfield district of Dublin .
It is best known for its hour-long tour, where visitors are shown how the world's number one Irish whiskey was first crafted .",0.001997220329940319,"The Old Jameson Distillery in Dublin's Smithfield neighbourhood is one of the best known whiskey distilleries in the world .
Each year, 350,000 tourists pay a visit to the museum, which was once called the Bow Street Distillery .
The museum, now a tourist attraction which has been recreated for effect, is located in the Smithfield district of Dublin .
Visitors can visit and take a tour seven days per week and tickets for entry are €15 for adults .",0.009794896468520164,,,
884,YES,"Manny Pacquiao is training harder than ever as he prepares for his $300million fight against Floyd Mayweather Jnr in May. The Filipino star posted more videos on Instagram from his Los Angeles training camp on Wednesday as he starts to spend more time in the gym in the run-up to the bout. Pacquiao showed off his hand speed inside the ring and out, dancing about and throwing punches before working on the speed ball. VIDEO: Scroll down to watch  videos of Manny Pacquiao training for Mayweather fig...","Filipino fighter shows off impressive hand-speed during training session .
Manny Pacquiao training in LA ahead of $300m Floyd Mayweather bout .
Pacquiao will complete his training at Freddie Roach's Wild Card Gym .
Roach says his fighter must not get distracted by Mayweather's trash-talk .
Mayweather shared pictures as he continued his preparations for the fight .","Manny Pacquiao posted more videos on Instagram from his Los Angeles training camp on Wednesday .
The Filipino star showed off his hand speed inside the ring and out, dancing about and throwing punches before working on the speed ball .
Pacquiao also posted a message for his fans as he ups the intensity with the fight just two months away .",0.009974788874387741,"Pacquiao posted more videos on Instagram from his Los Angeles training camp on Wednesday .
The 36-year-old showed off his hand speed inside the ring and out, dancing about and throwing punches before working on the speed ball .",0.5644524097442627,,,
1323,YES,"Aston Villa are understood to be in detailed negotiations with a prospective buyer as American owner Randy Lerner moves closer to selling the club this summer. Lerner has been publicly looking for a sale since last May, and meaningful conversations have taken place with an interested party. Finding a buyer with Villa in such a perilous position has proved difficult, but the bounce caused by Tim Sherwood’s arrival could accelerate the process. Aston Villa are in negotiations with a prospective bu...","Aston Villa are understood to be in negotiations with a prospective buyer .
Lerner has been publicly looking to sell the club since May last year .
He is believed to want around £150million for the club he acquired in 2006 .
Lerner paid £62.7million for the club, spending £300million since then .","Aston Villa are understood to be in detailed negotiations with a prospective buyer as American owner Randy Lerner moves closer to selling the club this summer .
Lerner has been publicly looking for a sale since last May, and meaningful conversations have taken place with an interested party .
Finding a buyer with Villa in such a perilous position has proved difficult, but the bounce caused by Tim Sherwood's arrival could accelerate the process .",0.000267918745521456,"Aston Villa are understood to be in detailed negotiations with a prospective buyer as American owner Randy Lerner moves closer to selling the club this summer .
Lerner is believed to want around £150million for the club he acquired for £62.7m in 2006 .
Tim Sherwood's instant impact at Villa Park could speed up the sale .",0.004242463503032923,,,
243,YES,"THE CHAPS' VIEW - by Quentin Letts . One of the great mysteries of mankind — and I mean mankind — may have been solved. Scientists from King’s College London have measured 15,000 penises in 16 countries. This work has allowed them, after feeding the findings into computers, making boffinish statistical adjustments, twiddling knobs and squinting at graphs, to announce an average size for chaps’ undercarriage. That, in turn, has been seized on as having psychological significance. Apparently, we m...","Scientists from King’s College measured 15,000 penises in 16 countries .
This allowed them to announce an average size for a man's package .
Here, Quentin Letts gives the men's side of the story .","Scientists from King's College London have measured 15,000 penises in 16 countries .
This work has allowed them, after feeding the findings into computers, to make boffinish statistical adjustments, twiddling knobs and squinting at graphs, to announce an average size for chaps’ undercarriage .
The research demanded at least two readings (one at ease, one standing to quivering attention) for each handsome specimen .",4.556998464977369e-05,"Scientists from King's College London have measured 15,000 penises in 16 countries .
This work has allowed them, after feeding the findings into computers, to make boffinish statistical adjustments, twiddling knobs and squinting at graphs, to announce an average size for chaps’ undercarriage .
The research demanded at least two readings (one at ease, one standing to quivering attention) for each handsome specimen .
But will men have been psychologically affected?",0.02499592863023281,,,
251,YES,Dame Esther (pictured) was giving evidence in trial of Penny Mellor who allegedly sent hundreds of abusive tweets to campaigner Shy Keenan . Childline founder Dame Esther Rantzen has denied that she was told about Jimmy Savile's child sex abuse in 1986 while giving evidence in a cyber stalking trial. Dame Esther today discussed allegations by child sex abuse victim and justice campaigner Shy Keenan that were printed on the front page of the Sun under the headline 'Abuse campaigner: I told Esther...,"Childline founder Dame Esther gave evidence in cyber stalking trial today .
Penny Mellor, 53, is accused of harassing campaigner Shy Keenan .
Ms Keenan told The Sun she told Dame Esther about Savile abuse in 1986 .
Mellor called Dame Esther as witness to challenge Ms Keenan's credibility .
Dame Esther has always denied claim which she says damaged Childline .
Told court she 'would have remembered' if she had been told in 1986 by Ms Keenan that Jimmy Savile and Gary Glitter were child abusers .","Dame Esther was giving evidence in trial of Penny Mellor who allegedly sent hundreds of abusive tweets to campaigner Shy Keenan .
She said she 'would have remembered' if she had been told by Ms Keenan that Saville, Gary Glitter and Jonathan King were child abusers .
Ms Keenan wrote a book in 2008 called Broken, where she told of the abuse she suffered at the hands of her stepfather .",0.0006355330115184188,Dame Esther Rantzen was giving evidence in trial of Penny Mellor who allegedly sent hundreds of abusive tweets to campaigner Shy Keenan .,0.9999861717224121,,,
164,YES,"Manuel Pellegrini believes that Manchester City’s season will not have been ‘a disaster’ even the Premier League champions fail to overhaul Chelsea in the title race. The City boss is under fire after seeing his team crash out of Europe to Barcelona for the second season in a row on Wednesday night. They must beat West Bromwich Albion at the Etihad this lunchtime (sat) to keep the pressure on Jose Mourinho’s side, who are six points clear with a game in hand, and stay clear of the chasing pack. ...","Manuel Pellegrini accepts Manchester City could end season trophyless .
Knocked out of Champions League in last-16 by Barcelona .
Eight points behind Chelsea in Premier League with nine games left .","Manuel Pellegrini is under fire after seeing his team crash out of Europe to Barcelona for the second season in a row .
City must beat West Bromwich Albion at the Etihad this lunchtime (sat) to keep the pressure on Jose Mourinho’s side .
The Premier League champions are six points clear with a game in hand .",0.9995356798171997,"Manuel Pellegrini is under fire after seeing his team crash out of Europe to Barcelona for the second season in a row .
City must beat West Bromwich Albion at the Etihad this lunchtime (sat) to keep the pressure on Jose Mourinho's side .",0.9999715089797974,,,
1085,YES,"Kris Boyd has insisted that even Jose Mourinho himself would have struggled to change Rangers’ fortunes if he were in charge at Ibrox. After their dismal 1-1 draw at home to Livingston on Saturday, the Govan club languish in third position in the Championship table – 24 points behind runaway leaders Hearts – and face an uphill task if they are to secure promotion via the end-of-season play-offs. However, Boyd believes that with the club now on its third manager of a farcical season, the time has...","Rangers are third in the Championship table, 24 points adrift of Hearts .
They drew 1-1 at home to Livingston on Saturday, and face an uphill task to gain promotion back to the top flight via the play-offs .
Kris Boyd believes the players must give themselves a reality check .","Rangers draw 1-1 with Livingston at Ibrox on Saturday .
Kris Boyd believes Jose Mourinho would have struggled to change Rangers' fortunes if he were in charge .
The Govan club languish in third position in the Championship table .
Manager Stuart McCall puts Rangers through their paces in training .",0.011143340729176998,"Rangers draw 1-1 with Livingston at Ibrox on Saturday .
Kris Boyd believes Jose Mourinho would have struggled to change Rangers' fortunes if he were in charge .
The Govan club languish in third position in the Championship table .
Manager Stuart McCall puts Rangers through their paces in training .
Boyd said it would not matter if Chelsea manager Jose Mourinho was in charge at the Scottish club .",0.08010745793581009,,,
1603,YES,"New York state police have launched a public campaign to track down a young woman who allegedly printed off dozens of photos at a Walgreens store without paying. The dark-haired woman reportedly used a self-service photo printer at a Walgreens  in Selden around 3pm on January 14. She apparently thought she could sneakily leave the shop without coughing up cash; however, all of her images were digitally recorded. After an unsuccessful search, authorities have now released one image in a bid to id...","The dark-haired woman reportedly used a self-service photo booth at a Walgreens in Selden, New York, around 3pm on January 14 .
She apparently thought she could sneakily leave the shop without coughing up cash, however, all of her images were digitally recorded .","The dark-haired woman reportedly used a self-service photo printer at a Walgreens in Selden around 3pm on January 14 .
She apparently thought she could sneakily leave the shop without coughing up cash; however, all of her images were digitally recorded .
After an unsuccessful search, authorities have now released one image in a bid to identify the suspect .",9.82717756414786e-05,"The dark-haired woman reportedly used a self-service photo printer at a Walgreens in Selden around 3pm on January 14 .
She apparently thought she could sneakily leave the shop without coughing up cash; however, all of her images were digitally recorded .
Police have now released one image in a bid to identify the suspect .",0.00022240808175411075,,,
86,YES,"The Premier League will have to wait at least three seasons before video technology can be possibly be introduced. It is the Dutch FA (KNVB) who are leading the way in trials of a system to aid referees. However, their bid to introduce the technology in cup matches from next season was rejected by the International Football Association Board (IFAB) last month. Referees chief Mike Riley has called for the arrival of video technology into the Premier League . Given the increasing number of controv...","The Dutch FA  who are leading the way in trials of a system to aid referees .
Their bid to introduce it in cup matches from next season was rejected by the International Football Association Board (IFAB) last month .
FA chairman Greg Dyke has backed expanded use of video technology .","Dutch FA are leading the way in trials of a system to aid referees .
But the IFAB have delayed any decision for 12 months at least .
Dutch FA chairman Greg Dyke has backed any attempts to expand the use of video technology in football .",0.018769294023513794,"Referees chief Mike Riley has called for the arrival of video technology in the Premier League .
But the IFAB have delayed any decision for 12 months at least .
The Dutch FA are leading the way in trials of a system to aid referees .
However, their bid to introduce the technology in cup matches has been rejected .",0.49397027492523193,,,
583,YES,"England's first wild beavers for 800 years were last night released back onto a river in Devon, after passing vital health tests. The animals were captured for a series of tests last month, after Natural England gave unprecedented permission for them to be allowed to live free near Ottery St Mary, east Devon. Four adults and a juvenile were certified as free of disease, and will rejoin four young kits which had remained on the River Otter. Scroll down for video . Born free: England's first wild ...","Captured for a tests last month, after government agency gave permission for them to be allowed to live free near Ottery St Mary, Devon .
Four adults and a juvenile were certified as free of disease, and will rejoin four young kits which had remained on the River Otter .
Ministers had wanted animals to be rounded up and put in a zoo .
But Natural England in charge of wildlife, has decided they will instead be allowed to stay in the wild in the first project of its kind .","England's first wild beavers for 800 years were last night released back onto a river in Devon .
The animals were captured for a series of tests last month, after Natural England gave unprecedented permission for them to be allowed to live free near Ottery St Mary .
Four adults and a juvenile were certified as free of disease, and will rejoin four young kits which had remained on the River Otter .
Officials had originally said the wild family posed a risk to other wildlife, and should be caged or killed .",0.008265557698905468,"England's first wild beavers for 800 years were last night released back onto a river in Devon .
The animals were captured for a series of tests last month, after Natural England gave unprecedented permission for them to be allowed to live free near Ottery St Mary .
Four adults and a juvenile were certified as free of disease, and will rejoin four young kits which had remained on the River Otter .
Officials had originally said the wild family posed a risk to other wildlife, and should be caged or killed .
But Government agency Natural England has decided that as long as the beavers were disease-free, they",0.025463556870818138,,,
554,YES,"The discredited Liverpool Care Pathway is still being used in some hospitals despite having been scrapped, a Commons report will reveal. A cancer charity warns that despite an NHS ban, the controversial end-of-life programme is still in use under ‘a different name’. The report comes as police are investigating the death of a second ‘healthy’ pensioner at a hospital in Cheshire. The family of Margaret ‘Nellie’ Smart, 93, lodged a formal complaint against Warrington and Halton Hospitals NHS Founda...","A cancer charity claims the NHS is using a controversial 'Death Pathway'
Patients are being sedated and then refused food and water until death .
Studies show that patients on the death pathway last on average 29 hours .","The discredited Liverpool Care Pathway is still being used in some hospitals despite having been scrapped, a Commons report reveals .
A cancer charity warns that despite an NHS ban, the controversial end-of-life programme is still in use under 'a different name'
The report comes as police are investigating the death of a second 'healthy' pensioner at a hospital in Cheshire .",0.000182866511750035,"The discredited Liverpool Care Pathway is still being used in some hospitals despite having been scrapped .
A new report has warned that hospitals are still using the discredited treatment method .
It comes as police are investigating the death of a second 'healthy' pensioner at a hospital in Cheshire .",0.0006774485227651894,,,
1964,YES,"A bridegroom who started a mass brawl on his wedding night by telling three teenage boys he could 'knock them out with one punch' has been jailed for three years. John Derick Sandham, 31, was at his reception at a pub in Holywell, Flintshire, when he launched an attack on a group of young friends also having a drink at the venue. The court heard how Sandham, who had swapped vows with his wife Clare just hours earlier, head-butted one victim before hitting him in the face with a glass or a bottle...","John Sandham, 31, married his wife Clare in Holywell, Flintshire in 2013 .
Hours later, he attacked teenagers drinking at the couple's reception venue .
Court heard Sandham head-butted, punched and glassed his victims .
Sandham jailed at Mold Crown Court after being found guilty of three assaults .","John Derick Sandham, 31, was at his reception at a pub in Holywell, Flintshire .
He launched an attack on a group of young friends also having a drink at the venue .
Sandham, who had swapped vows with his wife Clare just hours earlier, head-butted one victim before hitting another in the face with a glass or a bottle .
But he was found guilty of the three assaults and sentenced to the three-year jail term .",0.007855423726141453,"John Derick Sandham, 31, was at his reception at a pub in Holywell, Flintshire .
He launched an attack on a group of young friends also having a drink at the venue .
Sandham, who had swapped vows with his wife Clare just hours earlier, head-butted one victim before hitting another in the face with a glass or a bottle .
But he was found guilty of the three assaults and sentenced to three-year jail term .",0.01251453161239624,,,
1828,YES,"Roy Hodgson would have left Loftus Road with a warm-tingly feeling yesterday. It had nothing to do with the mid-March sunshine, however. It was because of Tottenham striker Harry Kane. This clash was billed as a straight shoot-out between England strike hopefuls Kane and Queens Park Rangers frontman Charlie Austin. Harry Kane celebrates as he takes his tally to 26 in all competitions so far this term . Kane heads past Robert Green to give Tottenham the lead over QPR at Loftus Road . England mana...","Tottenham defeated QPR 2-1 in their Premier League clash at Loftus Road .
Harry Kane opened the scoring with a header for his 15th league goal .
The Spurs sensation netted a second to take his season's tally to 26 .
Rangers' Charlie Austin was denied a goal by Hugo Lloris and the crossbar .
Roy Hodgson was in the stands watching  England's possible future stars .","Harry Kane doubled Tottenham's lead in the second half after rounding the keeper to slot into an empty net .
Charlie Austin was denied from adding to his impressive goals tally by a save from Hugo Lloris .
Hodgson will be chomping at the bit to get his hands on Kane later this month .",0.999893069267273,"Harry Kane doubled Tottenham's lead in the second half after rounding the keeper to slot into an empty net .
Charlie Austin was denied from adding to his impressive goals tally by Hugo Lloris .",0.999940037727356,,,
284,YES,"A young woman, who had no luck when she posted an ad on Gumtree to find the father of her unborn son, is determined to keep searching after her baby almost died at birth. Bianca Fazey had a one-night stand with a man in Perth, Western Australia on April 23 last year and surprisingly discovered she was pregnant after being told in 2011 that she was unlikely to ever become a mum when she was diagnosed with polycystic ovary syndrome. The 25-year-old frantically searched for the father for five mont...","Bianca Fazey had a one-night stand with a man in Perth on April 23, 2014 .
The 25-year-old discovered she was pregnant and tried to find the father .
In a desperate last ditch attempt, Bianca posted an ad on Gumtree .
She only knew his name was Jeremy and lived in the suburb of Morley .
Described as '5,7ish', aged in his 20s, with brown hair and brown eyes .
She had no luck from the ad and received some disturbing responses .
Since having her boy two months ago who almost died, she's looking for him again now that Logan is a fighting fit and healthy baby .
Bianca has now been labelled as a bad mum who told her story for money .","Bianca Fazey had a one-night stand with a man in Perth, Western Australia on April 23 last year .
She surprisingly discovered she was pregnant after being told in 2011 that she was unlikely to ever become a mum when she was diagnosed with polycystic ovary syndrome .
The 25-year-old frantically searched for the father for five months but had no success as she only knew his name was Jeremy who was from the Perth suburb of Morley .
As a last-ditch attempt she decided to post the ad which only created unexpected vitriolic responses from total strangers .
When Bianca fell",0.9614424109458923,"Bianca Fazey had a one-night stand with a man in Perth, Western Australia on April 23 last year .
She surprisingly discovered she was pregnant after being told in 2011 that she was unlikely to ever become a mum when she was diagnosed with polycystic ovary syndrome .
The 25-year-old frantically searched for the father for five months but had no success as she only knew his name was Jeremy who was from the Perth suburb of Morley .
As a last-ditch attempt she decided to post the ad which only created unexpected vitriolic responses from total strangers .
Two months ago,",0.9845067858695984,,,
60,YES,"Mechanic Clive Howard carried out a string of rapes and attempted kidnaps on lone women in Norwich, Suffolk and Cambridge over a 28 year period . A mechanic who lived a calm, quiet life with his elderly parents was all the time living a secret double life as a sex attacker. Clive Howard, 56, of Suffolk, has admitted carrying out a string of rapes and kidnaps of women during a 28 year period. The serial rapist confessed to the crimes after he was caught after raping a woman at a car park in Norwi...","Clive Howard is a mechanic who lived calmly with his Suffolk parents .
But he lived a double life and committed string of rapes and kidnaps .
Howard was caught after he raped a woman in a car park in Norwich .
DNA was put into database and matched to other attacks on lone women .
On the day of his trial Howard, 56, admitted seven charges of rape .
He also admitted three of attempted kidnap and one of attempted rape .
Police fear there may be more victims and have appealed for witnesses .
Howard is likely to face lengthy prison term when he is sentenced in April .","Clive Howard, 56, of Battisford, Suffolk, carried out a string of rapes and attempted kidnaps .
He was caught after part of his Volvo number plate was captured on CCTV after he raped a woman .
Detectives found 'striking similarities' to the Norwich assault .
Howard, who is understood to have had an 82-year-old girlfriend, was remanded in custody and will be sentenced at the court on April 20 .",0.9952687621116638,"Clive Howard, 56, of Battisford, Suffolk, carried out a string of rapes and attempted kidnaps .
He was caught after part of his Volvo number plate was captured on CCTV after he raped a woman .
Detectives found 'striking similarities' to the Norwich assault .
Howard's DNA matched a profile obtained during an investigation into the attempted kidnap of a woman in her 20s on May 5, 2013 in Cambridge park Christ's Pieces .",0.9998767375946045,,,
1418,YES,"Disabled pensioner Alan Barnes has called for his attacker to be sent to jail when he is sentenced this week. Richard Gatiss knocked visually impaired, 4ft 6in Mr Barnes to the ground outside his home in Gateshead, Tyne and Wear in a cowardly attack which shocked Britain earlier this year. Drug addict Gatiss will find out his punishment when he comes before a judge at Newcastle Crown Court on Thursday after he pleaded guilty to assault with intent to rob. Scroll down for video . Alan Barnes, who...","Partially-sighted 67-year-old was beaten in attack which shocked Britain .
His attacker, Richard Gatiss, is due to be sentenced later this week .
Mr Barnes calls for drug addict to be jailed to prevent further crimes .
He says he'll use half of the £330,000 raised for him to buy a house .","Richard Gatiss knocked visually impaired Alan Barnes to the ground outside his home in Gateshead, Tyne and Wear .
He will find out his punishment when he comes before a judge at Newcastle Crown Court on Thursday .
Gatiss pleaded guilty to assault with intent to rob and will be sentenced later this week .
Mr Barnes said: 'He needs to go to prison, because otherwise he might just do it to someone else than what happened to me'",0.9995040893554688,"Richard Gatiss knocked visually impaired Alan Barnes to the ground outside his home in Gateshead, Tyne and Wear .
He will find out his punishment when he comes before a judge at Newcastle Crown Court on Thursday .",0.9999765157699585,,,
1998,YES,"Ahead of this weekend's FA Cup action, Sportsmail will be providing you with all you need to know about every fixture, with team news, provisional squads, betting odds and Opta stats. Here is all the information you need for Aston Villa's home quarter-final clash with West Brom... Aston Villa vs West Bromwich Albion (Villa Park) Team news . Aston Villa . Captain Ron Vlaar could return for Aston Villa's FA Cup quarter-final with West Brom as he battles a calf injury. Alan Hutton is suspended afte...","Aston Villa captain Ron Vlaar could return to face West Bromwich Albion .
Alan Hutton suspended after picking up tenth booking of the season .
West Brom are without Victor Anichebe and cup tied Darren Fletcher .
FA Cup quarter-final clash to kick off at Villa Park on Saturday at 5.30pm .","Aston Villa face West Brom in the FA Cup quarter-final on Saturday .
Ron Vlaar set to return after missing Aston Villa's last two matches with a calf injury .
Darren Fletcher will be without injured Victor Anichebe (groin) and cup-tied midfielder Darren Fletcher (suspension)",0.02369638904929161,"Aston Villa face West Brom in the FA Cup quarter-final on Saturday .
Ron Vlaar set to return after missing Aston Villa's last two matches with a calf injury .
Darren Fletcher will be without injured Victor Anichebe and Aston Villa midfielder Darren Fletcher .",0.9966063499450684,,,
733,NO,"A disgusted father was horrified to find maggots wriggling around in a steak and kidney pie when he opened it to cook for his children. Stuart Pay, 39, had opened the oven to cook the Fray Bentos pie when he noticed chunks of its pastry were missing. After taking a closer look, the electrician from Evesham, Worcester, saw three tiny maggots swimming around in the £2.49 pie. Stuart Pay was horrified to discover three maggots swimming in the Fray and Bentos steak and kidney pie he was about to coo...","Stuart Pay was about to heat up the steak and kidney pie for his children .
The 39-year-old noticed chunks of its pastry missing and saw maggots .
He had bought the pie for £2.49 from local Iceland branch days earlier .
The tinned, long-life Fray Bentos pie had a sell-by date of January 2017 .","Stuart Pay, 39, opened the oven to cook the Fray Bentos pie when he noticed chunks of its pastry were missing .
After taking a closer look, the electrician saw three tiny maggots swimming around in the £2.49 pie .
Mr Pay said he was 'disgusted' by the discovery but was glad to have made it before feeding children Cody, four, Kurtis, 12, and Jade, 14 .",0.9999561309814453,"Stuart Pay, 39, opened the oven to cook the Fray Bentos pie when he noticed chunks of its pastry were missing .
After taking a closer look, the electrician saw three tiny maggots swimming around in the £2.49 pie .
Mr Pay said he was 'disgusted' by the discovery but was glad to have made it before feeding children Cody, four, Kurtis, 12, and Jade, 14 .",0.9999561309814453,,,
1957,NO,"This United Airlines regional jet was forced to make an emergency landing without a nose gear at an airport in Chicago, Illinois, Saturday afternoon after experiencing a mechanical problem, officials said. The GoJet plane, operated by the major US airline, was traveling from Grand Rapids, Michigan, to Chicago when the pilot informed passengers there was an issue with the aircraft's front landing gear. A few minutes later, the pilot announced that the plane would be performing an emergency landin...","GoJet flight, operated by United Airlines, took off from Grand Rapids, MI .
Shortly after, pilot realized there was problem with the front landing gear .
Aircraft made emergency landing with no nose gear at a Chicago airport .
Firefighters and officials met plane on tarmac; no injuries were reported .
Second United Airlines plane to have suffered malfunction on Saturday .
Earlier in day, another plane  forced to land after a tire blew on takeoff .","GoJet plane was flying from Grand Rapids, Michigan, to Chicago when the pilot informed passengers there was an issue with the aircraft's front landing gear .
A few minutes later, the pilot announced that the plane would be performing an emergency landing at O'Hare International Airport .
Incredibly, flight 3645 touched down safely with no nose gear at 3.24pm .
It was the second United Airlines plane to suffer a serious malfunction Saturday after another plane had to turn back to Denver International Airport when one of its tire blew on takeoff earlier in the day .
Some social media users expressed concern over the successive incidents .",0.030077926814556122,"GoJet plane was flying from Grand Rapids, Michigan, to Chicago when the pilot informed passengers there was an issue with the aircraft's front landing gear .
A few minutes later, the pilot announced that the plane would be performing an emergency landing at O'Hare International Airport .
Incredibly, flight 3645 touched down safely with no nose gear at 3.24pm .
It was the second United Airlines plane to suffer a serious malfunction Saturday after another plane had to turn back to Denver International Airport when one of its tire blew on takeoff earlier in the day .
Some social media users expressed concern over the successive incidents .",0.030077926814556122,,,
1117,NO,"Oklahoma University alumni are rallying around an African American chef who has been forced out of his job at the school's disgraced fraternity after footage emerged of members performing a racist chant. Howard has worked at Sigma Alpha Epsilon for more than 15 years, cooking raved-about chili dogs and cheering students with his 'infectious smile', former members say. But on Monday, his role was terminated after the university closed SAE with immediate effect. It was a reaction to a video of fra...","Howard made raved-about chili dogs and befriended all the students .
He worked at Oklahoma University's Sigma Alpha Epsilon for 15 years .
After SAE members' racist chant, house is shut and Howard has no job .
Fraternity's alumni have started fundraiser to financially support Howard as he looks for new employment. They slam the chant as 'disgusting'
All members of the house have until midnight to leave .","Howard has worked as a chef at Oklahoma University's Sigma Alpha Epsilon for more than 15 years .
But on Monday, his role was terminated after the university closed SAE with immediate effect .
It was a reaction to a video of fraternity brothers chanting 'There will never be a n***** in SAE' to the tune of If You're Happy And You Know It .",0.0084177041426301,"Howard has worked as a chef at Oklahoma University's Sigma Alpha Epsilon for more than 15 years .
But on Monday, his role was terminated after the university closed SAE with immediate effect .
It was a reaction to a video of fraternity brothers chanting 'There will never be a n***** in SAE' to the tune of If You're Happy And You Know It .",0.0084177041426301,,,
516,NO,"Since the Arab Spring in 2011, Yemenis have endured intermittent fighting, attempted coups and increasing violence but now, with Houthi militiamen advancing on the beleaguered forces of President Abd Rabbuh Mansur Hadi in the second city of Aden, things look increasingly bleak. With the capital Sana'a also in the hands of the Iran-backed rebels, women and children are now on the front line of a conflict that, last night alone, saw an estimated 40 people perish after Saudi war planes apparently b...","Photos show women from Houthi-controlled Sa'naa and the village of Shaharah which sits on the Saudi border .
Saudi Arabia and its Arab allies are currently conducting air strikes against Houthi militiamen across Yemen .
Government troops are currently holed up in the port of Aden and are being besieged by the Iran-backed militia .
Among the cities to fall yesterday was Taiz where women still enjoy an unusual amount of freedom .","Women and children are now on the front line of a conflict that, last night alone, saw an estimated 40 people perish after Saudi war planes apparently bombed a refugee camp .
A haunting new set of photos has shed light on what Yemen stands to lose, including a Bedouin minority that has lived in Yemen - and neigbouring countries such as Jordan and Saudi Arabia - for thousands of years .
The pictures, taken by French photographer Eric Lafforgue, show the country's women and children going about their daily lives .",0.00014667751383967698,"Women and children are now on the front line of a conflict that, last night alone, saw an estimated 40 people perish after Saudi war planes apparently bombed a refugee camp .
A haunting new set of photos has shed light on what Yemen stands to lose, including a Bedouin minority that has lived in Yemen - and neigbouring countries such as Jordan and Saudi Arabia - for thousands of years .
The pictures, taken by French photographer Eric Lafforgue, show the country's women and children going about their daily lives .",0.00014667751383967698,,,
1269,NO,"(CNN)The irrepressible Mario Balotelli has a message for his critics: ""shut up!"" Liverpool's Italian international has started only one game since November, scoring just four goals in 24 appearances for the Anfield club after his $23 million move from AC Milan. He missed their 1-0 away win over Swansea City on Monday due to illness. Perhaps a bit fed up, he posted a video on his Instagram page giving the world a piece of his mind. ""Do you know me?"" asks the 24-year-old Balotelli, looking directl...","Mario Balotelli asks ""Do you know me? Did you ever talk to me personally?""
Balotelli has scored four goals in 24 appearances at Liverpool .","Mario Balotelli has started only one game for Liverpool since November .
The Italian international missed their 1-0 away win over Swansea City on Monday due to illness .
Balotelli posted a video on his Instagram page giving the world a piece of his mind .",0.9988284707069397,"Mario Balotelli has started only one game for Liverpool since November .
The Italian international missed their 1-0 away win over Swansea City on Monday due to illness .
Balotelli posted a video on his Instagram page giving the world a piece of his mind .",0.9988284707069397,,,
1206,NO,"A report detailing allegations of instances of rape and sexual assault inside Australia's Nauru detention centre has been labelled as 'very concerning' by Finance Minister Mathias Cormann. The 86-page review, released on Friday, included allegations of indecent and physical assault, as well as sexual harassment, at the offshore processing centre. 'The department has accepted all of the recommendations and all of the recommendations will be implemented,' Mr Cormann told Sky News on Saturday. Howe...","A new report has found evidence of abuse at Nauru detention centre .
Two allegations of rape were lodged involving Nauru guards .
Sexual abuse and sexual favours were also documented in the report .
Labor has criticised the government, calling them a 'disgrace'
Finance Minister Mathias Cormann called the report 'very concerning'","The 86-page review, released on Friday, included allegations of indecent and physical assault, as well as sexual harassment, at the offshore processing centre .
Finance Minister Mathias Cormann says the content of a review into allegations of abuse against asylum seekers on Nauru is 'very concerning'
The report also allegedly found evidence that guards traded marijuana for sexual favours from female detainees .",0.009875738061964512,"The 86-page review, released on Friday, included allegations of indecent and physical assault, as well as sexual harassment, at the offshore processing centre .
Finance Minister Mathias Cormann says the content of a review into allegations of abuse against asylum seekers on Nauru is 'very concerning'
The report also allegedly found evidence that guards traded marijuana for sexual favours from female detainees .",0.009875738061964512,,,
257,NO,"An Egyptian couple horrified guests at their wedding by hiring fake jihadis to  hijack the ceremony and force them in to a cage in a shocking imitation of the burning to death of a Jordanian pilot. The marriage ceremony was held in Menoufia, north of Cairo and saw masked men storm the venue and order the bride and groom to climb in to a cage at knife point. The only members of the wedding party who knew about the pretend 'attack' in advance were the groom, his best men and wedding photographer A...","Groom convinced best men to pretend to be ISIS terrorists at his wedding .
He had told wife-to-be to expect something 'different' at their ceremony .
Masked, knife-wielding men forced the couple in to a cage in a shocking imitation of the murder of Jordanian pilot Mu'ath Al Kassasbeh .
Couple then started dancing in the cage to the claps and cheers of guests .
Some of the wedding party mistakenly thought it was a genuine attack .","The wedding ceremony was held in Menoufia, north of Cairo .
Masked men storm the venue and order the bride and groom to climb in to a cage at knife point .
Only members of the wedding party who knew about the pretend 'attack' in advance were the groom, his best men and wedding photographer .
The bride is said to have been told to expect something 'different' from the ceremony .",0.00041143427370116115,"The wedding ceremony was held in Menoufia, north of Cairo .
Masked men storm the venue and order the bride and groom to climb in to a cage at knife point .
Only members of the wedding party who knew about the pretend 'attack' in advance were the groom, his best men and wedding photographer .
The bride is said to have been told to expect something 'different' from the ceremony .",0.00041143427370116115,,,
1611,NO,"Jimmy Greaves did not attend Wembley on Sunday. A lot of people tend to get upset when this happens. The one who doesn’t is Jimmy Greaves. If he wanted to go, as a guest of either Chelsea or Tottenham Hotspur, his former clubs, he could have secured a ticket, no problem. The Football League would probably love to have him, too. The issue isn’t that Greaves is short of invitations. He’s just not that into it. Jimmy Greaves was a great player, and doesn't need a fuss around him when he decides not...","Spurs and Chelsea legend Jimmy Greaves chose not to go to Wembley .
Greaves said he would rather watch the rugby than his former clubs .
The ex-England striker should not have his decision challenged .
As a former great Greaves has the right to a quiet retirement .","Jimmy Greaves did not attend Wembley on Sunday .
Greaves was a great player, and doesn't need a fuss around him when he decides not to attend games .
He doesn't claim to be an expert about the modern game, and didn't want to attend the League Cup fianl .",0.9743539690971375,"Jimmy Greaves did not attend Wembley on Sunday .
Greaves was a great player, and doesn't need a fuss around him when he decides not to attend games .
He doesn't claim to be an expert about the modern game, and didn't want to attend the League Cup fianl .",0.9743539690971375,,,
1245,NO,"A holiday turned to horror yesterday when a coach full of elderly tourists overturned in strong winds and careered down an embankment at a beauty spot. More than 20 people were injured - five seriously - as the bus left the main A83 road at the Rest and Be Thankful in Argyll, did a 360 degree roll, and narrowly avoided plunging into Loch Restil. The coach was taking a party of 32 pensioners from Kent back to their hotel after a day trip when it suddenly veered off the road shortly after 2pm. Fiv...","Coach was taking 32 pensioners from Kent back to hotel after day trip .
Left A83, rolled down embankment, and stopped just feet from loch .
In total 20 people were injured, with five of those suffering serious injuries .","More than 20 people were injured - five seriously - as the bus veered off the main A83 road at the Rest and Be Thankful in Argyll, Scotland .
The coach was just feet from plunging into Loch Restil when it came to a stop .
It is not thought any other vehicles were involved in the crash, which happened in an area notorious for its freak high winds .",0.8291864395141602,"More than 20 people were injured - five seriously - as the bus veered off the main A83 road at the Rest and Be Thankful in Argyll, Scotland .
The coach was just feet from plunging into Loch Restil when it came to a stop .
It is not thought any other vehicles were involved in the crash, which happened in an area notorious for its freak high winds .",0.8291864395141602,,,
146,NO,"Courtney Lawes insists England fans will see a changed man at Twickenham on Saturday as he believes controlling his recklessness will preserve his career. The 26-year-old Northampton lock returns to Stuart Lancaster’s starting line-up against Scotland after recovering from ankle surgery in January and will be charged with running the line-out. Renowned as one of the world’s most physical players, Lawes has suffered several injuries since making his England debut aged 20 and the son of a nightclu...","England take on Scotland in the Six Nations on Saturday at Twickenham .
Courtney Lawes returns to the England starting XV alongside Mike Brown .
26-year-old lock Lawes has recovered from ankle surgery in January .","Courtney Lawes returns to England's starting line-up against Scotland .
The 26-year-old will be charged with running the line-out .
Lawes has suffered several injuries since making his England debut aged 20 .",0.9999905824661255,"Courtney Lawes returns to England's starting line-up against Scotland .
The 26-year-old will be charged with running the line-out .
Lawes has suffered several injuries since making his England debut aged 20 .",0.9999905824661255,,,
766,NO,"John Swift and Kwame Thomas were on target as England's under 20s beat the United States at Plymouth to record their second win of the week. Having overcome a talented Mexico side on penalties on Wednesday night, Aidy Boothroyd's Young Lions defied horrendous conditions and stubborn opposition to earn another morale-boosting victory ahead of the summer's Toulon Tournament. The result, in front of a large crowd of over 11,000 at Home Park, extended Boothroyd's unbeaten start as England under 20s ...","Chelsea midfielder John Swift scored one minute before half-time .
Derby forward Kwame Thomas added a second after the break .
United States pulled one back through Maki Tall .
Result preserves Aidy Boothroyd's unbeaten start as boss .","England beat the United States 2-1 at Plymouth on Wednesday night .
John Swift and Kwame Thomas scored for the Under 20s .
The win extended Aidy Boothroyd's unbeaten start as England under 20s manager .",0.999984860420227,"England beat the United States 2-1 at Plymouth on Wednesday night .
John Swift and Kwame Thomas scored for the Under 20s .
The win extended Aidy Boothroyd's unbeaten start as England under 20s manager .",0.999984860420227,,,
1433,NO,"Glee star Harry Shum Jr.has been showing off some riveting new dance moves – which he performed while on a moving treadmill – in a post on his Facebook page. The talented 32-year-old made working out seem effortless as he danced along to Michael Jackson's Love Never Felt So Good. Harry, who is best known for his role as Mike Chang on the television show Glee, performs a variety of complex dance moves during the routine, including a number of moon walk-style steps which are reminiscent of the mov...","The dancer and actor shared the amazing treadmill dance video on Facebook .
He busted some moves to moves the late singer's Love Never Felt So Good during a late-night workout .","Harry Shum Jr. performed to Michael Jackson's Love Never Felt So Good .
The 32-year-old is best known for his role as Mike Chang on the television show Glee .
He performed a variety of complex dance moves during the routine, including a number of moon walk-style steps which are reminiscent of moves once favored by the late singer .",0.9945653676986694,"Harry Shum Jr. performed to Michael Jackson's Love Never Felt So Good .
The 32-year-old is best known for his role as Mike Chang on the television show Glee .
He performed a variety of complex dance moves during the routine, including a number of moon walk-style steps which are reminiscent of moves once favored by the late singer .",0.9945653676986694,,,
1940,NO,"(CNN)Rubén García Villalpando was supposed to arrive home from work on a Friday evening in February. But he never again pulled into the driveway of the home in suburban Dallas where he lived with his wife and four children. The 31-year-old welder died that night after a police officer shot him twice in the chest. Villalpando was unarmed, but in early reports about the shooting, police said an altercation erupted after he disobeyed an officer's commands during a traffic stop. It wasn't until hour...","A police officer shot and killed Ruben Garcia Villalpando in a Dallas suburb .
The case has drawn sharp criticism from Mexico's government, which calls for a federal investigation .
Widow: ""I do not know now whether to believe in the authorities here or not""","Rubén García Villalpando was shot twice in the chest during a traffic stop .
His wife says she got a call from police, telling her what had happened .
Questions swirl through Marta Romero's mind: Will authorities take the case seriously or toss it aside because of her husband's immigration status and the fact that the man who opened fire was a police officer, not a civilian?",0.9979318380355835,"Rubén García Villalpando was shot twice in the chest during a traffic stop .
His wife says she got a call from police, telling her what had happened .
Questions swirl through Marta Romero's mind: Will authorities take the case seriously or toss it aside because of her husband's immigration status and the fact that the man who opened fire was a police officer, not a civilian?",0.9979318380355835,,,
393,NO,Sergeant 1st Class Gregory McQueen could face up to 40 years in prison after he admitted recruiting three female officers into a prostitution ring . An army officer whose role was to advocate for victims of sexual abuse has admitted recruiting cash-strapped female soldiers to work in a prostitution ring. Sergeant 1st Class Gregory McQueen recruited the female soldiers to serve as prostitutes for high ranking officers at Fort Hood in Texas - one of the biggest bases in the country. One female off...,"Gregory McQueen admitted recruiting female soldiers to work in a sex ring .
Sergeant told court martial he got three females to join prostitution group .
He breached his Fort Hood role as advocate for victims of sexual abuse .
McQueen admitted 15 charges including conspiracy to solicit prostitution .
The maximum penalty for McQueen's crimes is 40 years in prison .","Sergeant 1st Class Gregory McQueen could face up to 40 years in prison after he admitted recruiting three female officers into a prostitution ring .
He admitted getting the three officers involved in the sex ring, and betraying the trust of commanders who had appointed him as an advocate for victims of sexual abuse .
McQueen admitted 15 counts including charges of pandering and conspiracy to solicit prostitution .
As part of his plea arrangement, other charges were dismissed, but McQueen still faces one count of assault that may be considered by the court later on Thursday .",0.9921145439147949,"Sergeant 1st Class Gregory McQueen could face up to 40 years in prison after he admitted recruiting three female officers into a prostitution ring .
He admitted getting the three officers involved in the sex ring, and betraying the trust of commanders who had appointed him as an advocate for victims of sexual abuse .
McQueen admitted 15 counts including charges of pandering and conspiracy to solicit prostitution .
As part of his plea arrangement, other charges were dismissed, but McQueen still faces one count of assault that may be considered by the court later on Thursday .",0.9921145439147949,,,
890,NO,"A teenager from Tennessee has miraculously regained the ability to walk again - just six weeks after being diagnosed with a rare spinal disease that could have paralaysed her for life. 15-year-old Jessica Shainburg woke up one morning in January to discover she could not feel anything below her waist, according to an ABC report. Doctors diagnosed her with a disorder which causes the spine to inflame known as transverse myelitis - and said it could be permanent if she was not walking within six w...","Jessica Shainburg was diagnosed with a rare spinal disease six weeks ago .
Doctors said she needed to recover quickly or she would never walk again .
The 15-year-old from Nashville, Tennessee started running again recently .
Could be due to another disease in her brain which hastens recovery rates .
Doctors say she could have multiple sclerosis if the rare symptoms return .","Jessica Shainburg woke up one morning in January to discover she could not feel anything below her waist .
Doctors diagnosed her with a disorder which causes the spine to inflame known as transverse myelitis .
The chances of that happening were less than one in three but incredibly, Jessica recovered in time thanks to another rare disorder in her brain that catalysed her recovery .
Jessica told WKRN-TV: 'I'm so blessed and lucky to be able to be walking again'",0.9925830364227295,"Jessica Shainburg woke up one morning in January to discover she could not feel anything below her waist .
Doctors diagnosed her with a disorder which causes the spine to inflame known as transverse myelitis .
The chances of that happening were less than one in three but incredibly, Jessica recovered in time thanks to another rare disorder in her brain that catalysed her recovery .
Jessica told WKRN-TV: 'I'm so blessed and lucky to be able to be walking again'",0.9925830364227295,,,
553,NO,"Hillary Clinton has been accused of ignoring official advice issued by her office while Secretary of State against using private email addresses by using her own server housed in her New York home. The leading Democratic presidential hopeful has faced criticism for using her @clintonemail.com email address for official government business, especially during the aftermath of the terrorist attack on the US consulate based in the Libyan city of Benghazi. According to leaked diplomatic cables, the S...","Hillary Clinton warned State Department staff against personal email use .
A cable advised that 'online adversaries' were targeting personal accounts .
Clinton continued to use her @clintonemail.com account despite advice .
The former Secretary of State has now released 55,000 pages of emails .","The State Department warned employees against using their own private email addresses for official business .
The cable was signed Hillary Clinton, but it is not apparent whether she was aware of its content as many official memos would bear her name if she was in Washington at the time .
Clinton has handed over 55,000 pages of emails to the State Department following the revelations .",0.004144610371440649,"The State Department warned employees against using their own private email addresses for official business .
The cable was signed Hillary Clinton, but it is not apparent whether she was aware of its content as many official memos would bear her name if she was in Washington at the time .
Clinton has handed over 55,000 pages of emails to the State Department following the revelations .",0.004144610371440649,,,
1189,NO,"Felix Magath has refused to rule out a role in a restructured management team at Rangers. A three-time Bundesliga-winning coach with Bayern Munich and Wolfsburg, the German legend purchased 810,000 shares in the Ibrox club in January. And Magath has proxied his stake to the Rangers Supporters Trust ahead of a General Meeting Thursday which is expected to sweep the current board from power. Felix Magath has refused to rule out a role in a restructured management team at Rangers . Magath has not h...","Former Fulham manager Felix Magath owns shares in Rangers .
Magath has been out of work since leaving Fulham last year .
The Bundesliga-winning coach has been touted as a technical director .
Magath refused to rule out taking some sort of role at Rangers .","Felix Magath has not had a job since being sacked from Fulham last year .
German legend purchased 810,000 shares in the Ibrox club in January .
Magath has proxied his stake to the Rangers Supporters Trust ahead of a General Meeting Thursday which is expected to sweep the current board from power .",0.9961723685264587,"Felix Magath has not had a job since being sacked from Fulham last year .
German legend purchased 810,000 shares in the Ibrox club in January .
Magath has proxied his stake to the Rangers Supporters Trust ahead of a General Meeting Thursday which is expected to sweep the current board from power .",0.9961723685264587,,,
801,NO,"A mother-of-three in New Mexico has been arrested after she was caught on camera allegedly cheering on her middle-school-aged daughter during a violent fight with another girl. In a video filmed by another student, Nicole Morlan, of Albuquerque, can be seen encouraging her daughter to violently fight the other girl. At one point in the video, filmed on Tuesday, a teacher tries to break up the girls but is instead punched and dragged to the ground. Scroll down for video . Nicole Morlan, of Albuqu...","Nicole Morlan can be seen encouraging daughter to fight other girl, authorities believe .
When a teacher tried to break fight up, she's punched and pulled to ground .
Morlan's daughter says she was teaching her to stand up for herself .
She was arrested shortly after the fight and faces two felony charges and a count of contributing to the delinquency of a minor .
The middle-school-aged girls were disciplined for their actions .","Nicole Morlan, of Albuquerque, New Mexico, was caught on camera cheering on her middle-school-aged daughter during a violent fight with another girl .
At one point in the video, a teacher tries to break up the fight but is instead punched and dragged to the ground .
The girls involved in the fight were disciplined and Morlan was banned from school property for the rest of the year .",0.008709284476935863,"Nicole Morlan, of Albuquerque, New Mexico, was caught on camera cheering on her middle-school-aged daughter during a violent fight with another girl .
At one point in the video, a teacher tries to break up the fight but is instead punched and dragged to the ground .
The girls involved in the fight were disciplined and Morlan was banned from school property for the rest of the year .",0.008709284476935863,,,
362,NO,"Zinedine Zidane joined in the clamour for the highly-rated midfielder Paul Pogba by claiming it is 'only logical' that Real Madrid want him on board at the Bernabeu. The France international, who is currently nursing a hamstring injury, extended his contract with the Old Lady until the end of the 2018-19 season back in October, however he has been consistently linked with a move away from Turin. The 22-year-old has attracted interest from a number of top European clubs, with Manchester United, P...","Zinedine Zidane said interest in Juventus star Paul Pogba is 'only logical'
The 22-year-old has seven goals in 22 Serie A appearances this season .
Pogba has also attracted interest from Manchester United, Chelsea and Manchester City .","Manchester United, Paris Saint-Germain, Barcelona and Madrid all being tipped as potential suitors .
Paul Pogba extended his contract with Juventus until the end of the 2018-19 season back in October .
The 22-year-old has attracted interest from a number of top European clubs .",0.999984622001648,"Manchester United, Paris Saint-Germain, Barcelona and Madrid all being tipped as potential suitors .
Paul Pogba extended his contract with Juventus until the end of the 2018-19 season back in October .
The 22-year-old has attracted interest from a number of top European clubs .",0.999984622001648,,,
54,NO,"A Colorado woman accused of luring an expectant mother to a basement and cutting the baby from her belly will not be charged with murder. Catherine Olguin, a spokeswoman for the Boulder County District Attorney's Office, said prosecutors won't bring the charge in the baby's death, but she declined to say why or what charges Dynel Lane, 34, will face. Investigators say Lane lured Michelle Wilkins, 26, to her Longmont home March 18 with an ad on Craigslist offering baby clothes. Inside, police say...","Dynel Lane, 34, will not be charged with murder for cutting out the baby of expectant mom Michelle Wilkins .
Wilkins had gone over to Lane's Longmont, Colorado home on March 18 after responding to a CraigsList ad for baby clothes .
Once there, Lane cut on the baby, who later died, while doctors were able to save Wilkins .
Colorado is one of 12 states that do not have laws making the violent death of an unborn child a homicide .
Lane will be formally charged on Friday .","Dynel Lane, 34, will not be charged with murder for cutting out the baby of Michelle Wilkins, 26 .
Police say Lane lured Wilkins to her Longmont, Colorado home on March 18 with an ad for baby clothes .
Inside, police say, Lane attacked Wilkins and extracted her unborn baby girl .
Wilkins survived the attack and was discharged from the hospital on Wednesday .",0.9893187880516052,"Dynel Lane, 34, will not be charged with murder for cutting out the baby of Michelle Wilkins, 26 .
Police say Lane lured Wilkins to her Longmont, Colorado home on March 18 with an ad for baby clothes .
Inside, police say, Lane attacked Wilkins and extracted her unborn baby girl .
Wilkins survived the attack and was discharged from the hospital on Wednesday .",0.9893187880516052,,,
